puesto_trabajo,nombre_empresa,categoría,país,region_estado,salario,moneda_salario,periodo_salario,tipo_contrato,plataforma_origen,tipo_fuente_datos,enlace_oferta
Data Analyst Internship,ConnectPrep,Data Analyst,United States,Connecticut,34053,USD,Anual,OTHER,Active Jobs,API,https://jobs.workable.com/view/38rSnq88Bvt1tVMjg7hirj/remote-data-analyst-internship-in-westport-at-connectprep
Data Analyst,Hoffman Construction Company,Data Analyst,United States,Texas,42243,USD,Anual,Full time,Active Jobs,API,https://efsp.fa.us6.oraclecloud.com/hcmUI/CandidateExperience/en/sites/CX/job/839
Data Analyst,A&K Railroad Materials Inc,Data Analyst,United States,Utah,37701,USD,Anual,,Active Jobs,API,https://recruiting.paylocity.com/Recruiting/Jobs/Details/3410321
IT Data Analyst,FSTONE Technologies,Data Analyst,United States,Georgia,33252,USD,Anual,FULL_TIME,Active Jobs,API,https://fstonetechnologies.applytojob.com/apply/RmYdljYmsF/IT-Data-Analyst
Asset Verification Data Analyst,"Ascella Technologies, Inc.",Data Analyst,United States,District of Columbia,25903,USD,Anual,FULL_TIME,Active Jobs,API,https://ascellatech.hire.trakstar.com/jobs/fk0pg4l/
Data Analyst I (Onsite),San Manuel,Data Analyst,United States,California,41256,USD,Anual,FULL_TIME,Active Jobs,API,https://www.sanmanuelcareers.com/job/R0015356/Data-Analyst-I-Onsite
CRM Customer & Data Analyst,Jimmy Choo,Data Analyst,United States,New York,30848,USD,Anual,FULL_TIME,Active Jobs,API,https://capri.wd1.myworkdayjobs.com/JimmyChooCareers/job/NY-Metro-Area/CRM-Customer---Data-Analyst_R_778647
Data Analyst,Amivero,Data Analyst,United States,Texas,26654,USD,Anual,,Active Jobs,API,https://recruiting.paylocity.com/Recruiting/Jobs/Details/3409325
Business Data Analyst,Compeer Financial,Data Analyst,"United States, United States, United States, United States, United States","Wisconsin, Wisconsin, Minnesota, Minnesota, Minnesota",21431,USD,Anual,,Active Jobs,API,https://job-boards.greenhouse.io/compeerfinancial/jobs/4802562008
Senior AI Data Analyst,TWG Global,Data Analyst,United States,California,44774,USD,Anual,FULL_TIME,Active Jobs,API,https://jobs.workable.com/view/uUfZKxtWNehY5aC2S3Rsaf/hybrid-senior-ai-data-analyst-in-santa-monica-at-twg-global
Data Scientist - Data Visualization Focus,OpenDataJobs,Data Scientist,United States,District of Columbia,24352,USD,Anual,FULL_TIME,Active Jobs,API,https://jobs.workable.com/view/bo7bSqWmQoq3rwzhGmL2vf/remote-data-scientist---data-visualization-focus-in-washington-at-opendatajobs
Data Scientist,UNITED STATES SOCCER FEDERATION 1,Data Scientist,United States,Georgia,40565,USD,Anual,,Active Jobs,API,https://recruiting.paylocity.com/Recruiting/Jobs/Details/3408913
Associate Data Scientist / Data Scientist I,Epicrispr Biotechnologies,Data Scientist,United States,California,24061,USD,Anual,,Active Jobs,API,https://job-boards.greenhouse.io/epicbio/jobs/5587739004
Data Scientist / Senior Data Scientist – Optimization (Federal) ,C3 AI,Data Scientist,United States,Virginia,20963,USD,Anual,,Active Jobs,API,https://c3.ai/job-description/8073214002?gh_jid=8073214002
"Data Scientist, Product, Merchant Shopping Analytics",Google,Data Scientist,United States,California,49701,USD,Anual,,Active Jobs,API,https://www.google.com/about/careers/applications/jobs/results/136802182245556934
"Data Scientist, Research, Android",Google,Data Scientist,United States,California,45613,USD,Anual,,Active Jobs,API,https://www.google.com/about/careers/applications/jobs/results/97786725098496710
"Senior Data Scientist, Apps Growth",Google,Data Scientist,United States,New York,24294,USD,Anual,,Active Jobs,API,https://www.google.com/about/careers/applications/jobs/results/139040787919708870
Senior Data Scientist - Marketing,Mercury,Data Scientist,United States,,47669,USD,Anual,,Active Jobs,API,https://job-boards.greenhouse.io/mercury/jobs/5587642004
Principal Data Scientist - CoreAI,Microsoft,Data Scientist,United States,Washington,45486,USD,Anual,Full-Time,Active Jobs,API,https://jobs.careers.microsoft.com/global/en/job/1844797
"Member of Technical Staff, Experimentation Data Scientist",Microsoft,Data Scientist,"United States, United States","California, Washington",31594,USD,Anual,Full-time,Active Jobs,API,https://jobs.careers.microsoft.com/global/en/job/MIC025737
Data Engineer - Mid-Level,Jobs for Humanity,Data Engineer,United States,New York,44289,USD,Anual,Contract,Active Jobs,API,https://jobs.smartrecruiters.com/JobsForHumanity/744000070143135-data-engineer-mid-level
Data Engineer - Federal Civilian Health,General Dynamics Information Technology,Data Engineer,United States,,36899,USD,Anual,FULL_TIME,Active Jobs,API,https://gdit.wd5.myworkdayjobs.com/External_Career_Site/job/Any-Location--Remote/Data-Engineer---Federal-Civilian-Health_RQ203113
Data Engineer,ROR Partners Inc,Data Engineer,United States,Colorado,49894,USD,Anual,,Active Jobs,API,https://recruiting.paylocity.com/Recruiting/Jobs/Details/3409437
Data Engineer - Business Intelligence,SchoolAI,Data Engineer,United States,Utah,22932,USD,Anual,SALARIED_FT,Active Jobs,API,https://ats.rippling.com/schoolai/jobs/a8fd42a2-47f5-4054-924c-b04ba8258ee5
Senior AI Data Engineer,TWG Global,Data Engineer,United States,California,21123,USD,Anual,FULL_TIME,Active Jobs,API,https://jobs.workable.com/view/gMJzYVNzDzXFJ3A4oUCJF9/hybrid-senior-ai-data-engineer-in-santa-monica-at-twg-global
Data Engineer I or II,Southern Company,Data Engineer,United States,Georgia,37250,USD,Anual,Full time,Active Jobs,API,https://emje.fa.us6.oraclecloud.com/hcmUI/CandidateExperience/en/sites/SouthernCompanyJobs/job/13192
Senior Data Engineer,Murmuration,Data Engineer,United States,,48044,USD,Anual,FULL_TIME,Active Jobs,API,https://jobs.workable.com/view/jB2GiqZzg5uaM4jRDYVYwv/remote-senior-data-engineer-in-united-states-at-murmuration
Senior Data Engineer,Adtalem Global Education,Data Engineer,United States,Illinois,47661,USD,Anual,Full-time,Active Jobs,API,https://jobs.smartrecruiters.com/AdtalemGlobalEducation/744000070111040-senior-data-engineer-
Senior Staff IT Data Engineer,Palo Alto Networks,Data Engineer,United States,California,37522,USD,Anual,Full-time,Active Jobs,API,https://jobs.smartrecruiters.com/PaloAltoNetworks2/744000070105725-senior-staff-it-data-engineer
Senior Staff IT Data Engineer,Palo Alto Networks,Data Engineer,United States,California,32375,USD,Anual,Full-time,Active Jobs,API,https://jobs.smartrecruiters.com/PaloAltoNetworks2/744000070105151-senior-staff-it-data-engineer
Business Intelligence Analyst,KorTerra Inc,Business Intelligence Analyst,United States,Minnesota,22340,USD,Anual,,Active Jobs,API,https://recruiting.paylocity.com/Recruiting/Jobs/Details/3410667
Business Intelligence Analyst,Elevations Credit Union,Business Intelligence Analyst,United States,Colorado,20962,USD,Anual,,Active Jobs,API,https://job-boards.greenhouse.io/elevationscreditunion/jobs/4584124005
Business Intelligence Analyst,EACH,Business Intelligence Analyst,United States,New Jersey,26605,USD,Anual,Full-time,Active Jobs,API,https://jobs.smartrecruiters.com/EACH1/744000069978073-business-intelligence-analyst
Business Intelligence Analyst III - Fixed Term,Compassion International,Business Intelligence Analyst,"United States, United States",Colorado,31214,USD,Anual,FULL_TIME,Active Jobs,API,https://compassion.wd5.myworkdayjobs.com/CompassionCareers/job/Remote---USA/Business-Intelligence-Analyst-III---Fixed-Term_R6959
Senior Business Intelligence Analyst,Hiya,Business Intelligence Analyst,United States,Washington,36732,USD,Anual,FULL_TIME,Active Jobs,API,https://jobs.ashbyhq.com/hiya/8d35b568-9823-4bef-9ab5-943e49e577e8
"Business Intelligence Analyst I (Hybrid: Lehi, UT)",Purple,Business Intelligence Analyst,United States,,47252,USD,Anual,FULL_TIME,Active Jobs,API,https://purple.wd1.myworkdayjobs.com/purplecareers/job/Lehi-UT---HQ/Business-Intelligence-Analyst-I--Hybrid--Lehi--UT-_JR108396
Business Intelligence Analyst - On-Site,Regions Bank,Business Intelligence Analyst,United States,,20524,USD,Anual,FULL_TIME,Active Jobs,API,https://regions.wd5.myworkdayjobs.com/Regions_Careers/job/Hoover-AL---Riverchase-Operations-Center-Birmingham-AL/Business-Intelligence-Analyst---On-Site_R94474-1
Lead Business Intelligence Analyst,Waystar,Business Intelligence Analyst,"United States, United States","Georgia, Utah",48635,USD,Anual,FULL_TIME,Active Jobs,API,https://waystar.wd1.myworkdayjobs.com/Waystar/job/Atlanta-GA/Lead-Business-Intelligence-Analyst_R2678
Business Intelligence Analyst,Waystar,Business Intelligence Analyst,"United States, United States","Georgia, Utah",22615,USD,Anual,FULL_TIME,Active Jobs,API,https://waystar.wd1.myworkdayjobs.com/Waystar/job/Atlanta-GA/Business-Intelligence-Analyst_R2676
Sr. Business Intelligence Analyst,Memorial Hermann Health System,Business Intelligence Analyst,United States,,38580,USD,Anual,FULL_TIME,Active Jobs,API,https://memorialhermann.wd5.myworkdayjobs.com/external/job/Home-Office---TX/Sr-Business-Intelligence-Analyst_100170770
Power BI Developer - Crystal Reports - onsite Lawrenceville GA,Novalink Solutions  LLC,BI Developer,United States,Georgia,25509,USD,Anual,,Active Jobs,API,https://novalink-solutions.zohorecruit.com/jobs/Careers/325678000024627886/Power-BI-Developer---Crystal-Reports---onsite-Lawrenceville-GA
Power BI Developer Crystal Reports Writer,"Synergy America, Inc",BI Developer,United States,Georgia,44966,USD,Anual,,Active Jobs,API,https://synergyamerica.zohorecruit.com/jobs/Careers/261135000048706010/Power-BI-Developer-Crystal-Reports-Writer
Power BI Developer,Mast-Jägermeister US,BI Developer,United States,New York,46277,USD,Anual,FULL_TIME,Active Jobs,API,https://jobs.workable.com/view/stWQQL17kHTo7zPjQ7YF5f/power-bi-developer-in-white-plains-at-mast-j%C3%A4germeister-us
Associate Power BI Developer,Prominence Advisors,BI Developer,United States,,38541,USD,Anual,CONTRACTOR,Active Jobs,API,https://jobs.workable.com/view/vkoKNnf9FDNkcStbt3GTcM/remote-associate-power-bi-developer-in-united-states-at-prominence-advisors
Power BI Developer,VIXXO,BI Developer,United States,Arizona,31574,USD,Anual,,Active Jobs,API,https://job-boards.greenhouse.io/vixxo/jobs/8053039002
Senior BI Developer,Policy Expert,BI Developer,United Kingdom,"London, City of",27329,GBP,Mensual,,Active Jobs,API,https://job-boards.eu.greenhouse.io/policyexpert/jobs/4633414101
Power BI Developer (Associate-Level),"Link Solutions, Inc.",BI Developer,United States,Georgia,40285,USD,Anual,Full-time,Active Jobs,API,https://jobs.smartrecruiters.com/LinkSolutionsInc/744000069103634-power-bi-developer-associate-level-
Power BI Developer,Kaizen Analytix,BI Developer,United States,Illinois,41246,USD,Anual,CONTRACTOR,Active Jobs,API,https://kaizen-analytix.breezy.hr/p/d32fae38422c-power-bi-developer
Power BI Developer / Data Visualization SME – DAX | Custom Visuals (Hybrid Role),Navaide,BI Developer,United States,California,21244,USD,Anual,FULL_TIME,Active Jobs,API,https://navaide.breezy.hr/p/9b8b408282e7-power-bi-developer-data-visualization-sme-dax-custom-visuals-hybrid-role
BI Developer,Precoa,BI Developer,United States,Oregon,20751,USD,Anual,Full-Time,Active Jobs,API,https://jobs.jobvite.com/precoa/job/owgvwfwx
Trading Analytics Engineer,IMC,Analytics Engineer,United States,Illinois,30247,USD,Anual,,Active Jobs,API,https://job-boards.eu.greenhouse.io/imc/jobs/4636511101
Staff Analytics Engineer,Coinbase Careers Page,Analytics Engineer,United States,New York,26170,USD,Anual,,Active Jobs,API,https://www.coinbase.com/careers/positions/7066494?gh_jid=7066494
Analytics Engineer,WhiteWater Midstream,Analytics Engineer,United States,Texas,27704,USD,Anual,,Active Jobs,API,https://job-boards.greenhouse.io/whitewatermidstream/jobs/4786103007
VP – Analytics Engineer,Barclays,Analytics Engineer,United States,,23404,USD,Anual,FULL_TIME,Active Jobs,API,https://barclays.wd3.myworkdayjobs.com/External_Career_Site_Barclays/job/745-7th-Avenue-New-York/VP---Analytics-Engineer_JR-0000064403
Data Analytics Engineer Intern,Copart,Analytics Engineer,United States,,42084,USD,Anual,FULL_TIME,Active Jobs,API,https://copart.wd12.myworkdayjobs.com/Copart/job/Dallas-TX---Headquarters/Data-Analytics-Engineer-Intern_JR103862
Senior Analytics Engineer - Engineering,Sigma Computing,Analytics Engineer,United States,California,26336,USD,Anual,,Active Jobs,API,https://job-boards.greenhouse.io/sigmacomputing/jobs/6644211003
Senior Analytics Engineer with ML Engineering Focus,Number8,Analytics Engineer,United States,,29929,USD,Anual,Contractor,Active Jobs,API,https://jobs.jobvite.com/number8/job/obSxwfwQ
Senior Analytics Engineer,firsthand,Analytics Engineer,United States,,42391,USD,Anual,Full Time,Active Jobs,API,https://jobs.lever.co/firsthand/ee9cd685-e283-4721-99df-e2bedded70aa
Oracle Health Senior Data Analytics Engineer,Huron,Analytics Engineer,United States,,42358,USD,Anual,OTHER,Active Jobs,API,https://huron.wd1.myworkdayjobs.com/huroncareers/job/Chicago---550-Van-Buren/Oracle-Health-Senior-Data-Analytics-Engineer_JR-0012079
Data Analytics Engineer TS/SCI FSP,Mission Box Technologies,Analytics Engineer,United States,Maryland,34080,USD,Anual,FULL_TIME,Active Jobs,API,https://missionboxsolutions.applytojob.com/apply/fRrARPHNco/Data-Analytics-Engineer-TSSCI-FSP
Principal Data Architect,IDB,Data Architect,"United States, United States","New York, New York",28026,USD,Anual,Full-time,Active Jobs,API,https://jobs.smartrecruiters.com/IDB/744000070163725-principal-data-architect
Data Architect,Farther,Data Architect,United States,New York,44285,USD,Anual,,Active Jobs,API,https://job-boards.greenhouse.io/fartherfinance/jobs/4585780005
Data Architect,Cielo,Data Architect,United States,Wisconsin,25267,USD,Anual,Full-time,Active Jobs,API,https://jobs.smartrecruiters.com/Cielo2/744000070119595-data-architect-
Data Architect ,Okta,Data Architect,"United States, United States, United States","Illinois, Washington, California",44516,USD,Anual,,Active Jobs,API,https://www.okta.com/company/careers/opportunity/7055340?gh_jid=7055340
GCP Data Architect,"Woongjin, Inc",Data Architect,United States,New Jersey,35892,USD,Anual,Contract,Active Jobs,API,https://jobs.smartrecruiters.com/WJCompany/744000070077070-gcp-data-architect
Senior Data Architect,Cultura Technologies,Data Architect,United States,Massachusetts,30903,USD,Anual,FULL_TIME,Active Jobs,API,https://wd3.myworkdaysite.com/recruiting/volarisgroup/Cultura/job/United-States---MA/Senior-Data-Architect_R57751
Data Architect,Nimbus Consulting LLC,Data Architect,United States,Maryland,34565,USD,Anual,OTHER,Active Jobs,API,https://nimbusconsulting.bamboohr.com/careers/44
Additive Manufacturing Data Architect,GE Aerospace,Data Architect,United States,Pennsylvania,47154,USD,Anual,FULL_TIME,Active Jobs,API,https://careers.geaerospace.com/global/en/job/GAOGAYGLOBALR5013350EXTERNALENGLOBAL/Additive-Manufacturing-Data-Architect
GCP Data Architect,"Woongjin, Inc",Data Architect,United States,New Jersey,31823,USD,Anual,Contract,Active Jobs,API,https://jobs.smartrecruiters.com/WJCompany/744000069852262-gcp-data-architect
Data Architect,E.ON Next,Data Architect,"United Kingdom, United Kingdom, United Kingdom","London, City of, Nottingham, Leicester",20879,GBP,Mensual,FULL_TIME,Active Jobs,API,https://eonnext.wd3.myworkdayjobs.com/EON_Next_Careers/job/Nottingham-UK/Data-Architect_JR102754-1
Junior Database Administrator,THE ENTWISTLE COMPANY,Database Administrator,United States,Massachusetts,29924,USD,Anual,,Active Jobs,API,https://recruiting.paylocity.com/Recruiting/Jobs/Details/3407510
Sr. Database Administrator / Elastic Search Engineer,GHX,Database Administrator,United States,,25509,USD,Anual,,Active Jobs,API,https://job-boards.greenhouse.io/globalhealthcareexchangeinc/jobs/4582538005
SQL Server Database Administrator,Accenture Federal Services,Database Administrator,United States,District of Columbia,26038,USD,Anual,,Active Jobs,API,https://boards.greenhouse.io/accenturefederalservices/jobs/4583732006?gh_jid=4583732006
Oracle Database Administrator,Fermilab,Database Administrator,"Indonesia, United States","Jakarta, Illinois",44978,N/A,Mensual,FULL_TIME,Active Jobs,API,https://fermilab.wd5.myworkdayjobs.com/FermilabCareers/job/Batavia/Oracle-Database-Administrator_R_008683
SQL Database Administrator,CACI International,Database Administrator,"United States, United States, United States, United States, United States","Virginia, Virginia, Alabama, Colorado, Massachusetts",37504,USD,Anual,FULL_TIME,Active Jobs,API,https://caci.wd1.myworkdayjobs.com/External/job/US-VA-Chantilly/SQL-Database-Administrator_310981-1
SQL Database Administrator,CACI International Inc,Database Administrator,"United States, United States, United States, United States, United States","Virginia, Virginia, Alabama, Colorado, Massachusetts",48012,USD,Anual,FULL_TIME,Active Jobs,API,https://caci.wd1.myworkdayjobs.com/Referral/job/US-VA-Chantilly/SQL-Database-Administrator_310981
Microsoft Database Administrator (DBA),AirPro Diagnostics/Nationwide Parts,Database Administrator,United States,,35982,USD,Anual,CONTRACTOR,Active Jobs,API,https://airprodiagnostics.bamboohr.com/careers/350
4835 - Database Administrator,TEKsystems,Database Administrator,United States,Wisconsin,35258,USD,Anual,OTHER,Active Jobs,API,https://careers.teksystems.com/us/en/job/JP-005404865/4835-Database-Administrator
Systems and Database Administrator,Civil Aviation Authority,Database Administrator,United Kingdom,"Edinburgh, City of",33496,GBP,Mensual,,Active Jobs,API,https://careers.caa.co.uk/job/Edinburgh-Systems-and-Database-Administrator/1223749901/
Senior Database Administrator - MS SQL,GHX,Database Administrator,United States,,28945,USD,Anual,,Active Jobs,API,https://job-boards.greenhouse.io/globalhealthcareexchangeinc/jobs/4582568005
"ESIS Claims Specialist, DBA",Chubb External,DBA,United States,,45040,USD,Anual,Full time,Active Jobs,API,https://fa-ewgu-saasfaprod1.fa.ocs.oraclecloud.com/hcmUI/CandidateExperience/en/sites/CX_2001/job/23196
Microsoft Database Administrator (DBA),AirPro Diagnostics/Nationwide Parts,DBA,United States,,27200,USD,Anual,CONTRACTOR,Active Jobs,API,https://airprodiagnostics.bamboohr.com/careers/350
DBA ,THG Ingenuity,DBA,United Kingdom,Manchester,36803,GBP,Mensual,,Active Jobs,API,https://job-boards.eu.greenhouse.io/thgingenuity/jobs/4634219101
T-SQLDatabase Developer/DevOps DBA,CACI International,DBA,United States,District of Columbia,49358,USD,Anual,FULL_TIME,Active Jobs,API,https://caci.wd1.myworkdayjobs.com/External/job/US-DC-Washington/T-SQLDatabase-Developer-DevOps-DBA_314254-1
T-SQLDatabase Developer/DevOps DBA,CACI International Inc,DBA,United States,District of Columbia,48453,USD,Anual,FULL_TIME,Active Jobs,API,https://caci.wd1.myworkdayjobs.com/Referral/job/US-DC-Washington/T-SQLDatabase-Developer-DevOps-DBA_314254
Senior MongoDB DBA - Darwin,Marsh McLennan,DBA,United Kingdom,,39965,GBP,Mensual,FULL_TIME,Active Jobs,API,https://mmc.wd1.myworkdayjobs.com/MMC/job/London---Tower-Place-West/Senior-MongoDB-DBA---Darwin_R_313276-1
Systems Integrator & DBA,"Air Line Pilots Association, Int'l.",DBA,United States,Virginia,39289,USD,Anual,OTHER,Active Jobs,API,https://jobs-alpa.icims.com/jobs/1559/systems-integrator-%26-dba/job
Senior Oracle DBA,Bank of America,DBA,United States,Texas,49562,USD,Anual,FULL_TIME,Active Jobs,API,https://ghr.wd1.myworkdayjobs.com/Lateral-US/job/Plano/Senior-Oracle-DBA_25028666
Senior Oracle DBA,Bank of America,DBA,United States,Texas,26570,USD,Anual,FULL_TIME,Active Jobs,API,https://ghr.wd1.myworkdayjobs.com/US-EMPLSV/job/Plano/Senior-Oracle-DBA_25028666-1
"Sr Data ETL Developer, AVP",Citi,ETL Developer,United States,Texas,27274,USD,Anual,FULL_TIME,Active Jobs,API,https://citi.eightfold.ai/careers/job/859023609845-sr-data-etl-developer-avp-irving-texas-united-states-of-america
"Sr Data ETL Developer, AVP",Citi,ETL Developer,United States,Texas,41930,USD,Anual,FULL_TIME,Active Jobs,API,https://citi.wd5.myworkdayjobs.com/2/job/Irving-Texas-United-States/Sr-Data-ETL-Developer--AVP_25884360-1
ETL Developer (Hybrid),Broadridge,ETL Developer,"United States, United States, United States, United States, United States, United States","New Jersey, California, Texas, New York, Connecticut, New York",40710,USD,Anual,FULL_TIME,Active Jobs,API,https://broadridge.wd5.myworkdayjobs.com/Careers/job/New-York-NY/ETL-Developer--Hybrid-_JR1073544
Senior SQL & ETL Developer,Chubb External,ETL Developer,United States,Illinois,45626,USD,Anual,Full time,Active Jobs,API,https://fa-ewgu-saasfaprod1.fa.ocs.oraclecloud.com/hcmUI/CandidateExperience/en/sites/CX_2001/job/23076
ETL Developer (Remote),Govcio LLC,ETL Developer,United States,,38126,USD,Anual,FULL_TIME,Active Jobs,API,https://careers-govcio.icims.com/jobs/6180/etl-developer-%28remote%29/job
Developer Standard III – Python ETL Developer,OmegaHires,ETL Developer,United States,Washington,41808,USD,Anual,CONTRACTOR,Active Jobs,API,https://omegahires.applytojob.com/apply/Sa68SF2KR8/Developer-Standard-III-Python-ETL-Developer
Senior ETL Developer,Govcio LLC,ETL Developer,United States,District of Columbia,37825,USD,Anual,FULL_TIME,Active Jobs,API,https://careers-govcio.icims.com/jobs/6228/senior-etl-developer/job
Senior Software Engineer in Test (CDSS Tools),Palo Alto Networks,Software Engineer,United States,California,28218,USD,Anual,Full-time,Active Jobs,API,https://jobs.smartrecruiters.com/PaloAltoNetworks2/744000070312495--senior-software-engineer-in-test-cdss-tools-
Senior Software Engineer in Test (Prisma SASE),Palo Alto Networks,Software Engineer,United States,California,47412,USD,Anual,Full-time,Active Jobs,API,https://jobs.smartrecruiters.com/PaloAltoNetworks2/744000070312395-senior-software-engineer-in-test-prisma-sase-
Staff IT Software Engineer,Palo Alto Networks,Software Engineer,United States,California,20836,USD,Anual,Full-time,Active Jobs,API,https://jobs.smartrecruiters.com/PaloAltoNetworks2/744000070310145-staff-it-software-engineer
"Software Engineer, Backend - Blockchain Platform (Blockchain Nodes)",Coinbase Careers Page,Software Engineer,United States,,45963,USD,Anual,,Active Jobs,API,https://www.coinbase.com/careers/positions/7059314?gh_jid=7059314
Lead Java trading Software Engineer,Wells Fargo,Software Engineer,"United States, United States, United States","New Jersey, North Carolina, New York",46560,USD,Anual,FULL_TIME,Active Jobs,API,https://wd1.myworkdaysite.com/recruiting/wf/WellsFargoJobs/job/NEW-YORK-NY/Lead-Java-trading-Software-Engineer_R-472964
Senior Software Engineer (Java),Leidos,Software Engineer,United Kingdom,,34143,GBP,Mensual,FULL_TIME,Active Jobs,API,https://leidos.wd5.myworkdayjobs.com/External/job/2223-Chester-House-Farnborough-Aerospace-Centre-Farnborough-UK/Senior-Software-Engineer--Java-_R-00161974
Senior Software Engineer (Java),Leidos,Software Engineer,United Kingdom,,48810,GBP,Mensual,FULL_TIME,Active Jobs,API,https://leidos.wd5.myworkdayjobs.com/External/job/2223-Chester-House-Farnborough-Aerospace-Centre-Farnborough-UK/Senior-Software-Engineer--Java-_R-00162150
Software Engineer (Java),Leidos,Software Engineer,United Kingdom,,36414,GBP,Mensual,FULL_TIME,Active Jobs,API,https://leidos.wd5.myworkdayjobs.com/External/job/2223-Chester-House-Farnborough-Aerospace-Centre-Farnborough-UK/Software-Engineer--Java-_R-00161973
"Sr. Software Engineer, Backend",S&P Global,Software Engineer,"United States, United States, United States, United States, United States","Illinois, New Jersey, Virginia, Colorado, Texas",40641,USD,Anual,FULL_TIME,Active Jobs,API,https://spgi.wd5.myworkdayjobs.com/SPGI_Careers/job/Chicago-IL/Sr-Software-Engineer--Backend_317245-1
Software Engineer - contractor (MVP Incubation & Technical Strategy),LG Electronics,Software Engineer,United States,California,28675,USD,Anual,,Active Jobs,API,https://job-boards.greenhouse.io/lgelectronics/jobs/4780891008
Senior Software Developer,360 Marketing Concepts,Software Developer,United States,,34960,USD,Anual,FULL_TIME,Active Jobs,API,https://jobs.workable.com/view/9k6PnKYgGcCVfqk4cj1CEW/remote-senior-software-developer-in-united-states-at-360-marketing-concepts
Senior Software Developer,"Anatomage, Inc.",Software Developer,United States,North Carolina,24186,USD,Anual,FULL_TIME,Active Jobs,API,https://jobs.workable.com/view/6Bqy87QBGUNBAsEyzJjjmh/remote-senior-software-developer-in-cary-at-anatomage%2C-inc.
Senior Software Developer ,Geotab,Software Developer,United States,Michigan,47544,USD,Anual,,Active Jobs,API,https://job-boards.greenhouse.io/geotab/jobs/4803479008
Wireless Software Developer,Apple,Software Developer,United States,California,24107,USD,Anual,,Active Jobs,API,https://jobs.apple.com/en-us/details/200612693
Software Developer,Texans Credit Union,Software Developer,United States,Texas,26380,USD,Anual,,Active Jobs,API,https://recruiting.paylocity.com/Recruiting/Jobs/Details/3407502
Mid/Senior Software Developer,AECOM,Software Developer,United States,North Carolina,45392,USD,Anual,Full-time,Active Jobs,API,https://jobs.smartrecruiters.com/AECOM2/744000070093544-mid-senior-software-developer-
Software Developer Intern (Summer 2026),Tower Research Capital,Software Developer,United States,New York,37615,USD,Anual,,Active Jobs,API,https://www.tower-research.com/open-positions/?gh_jid=6790327
Software Developer,Geotab,Software Developer,United States,Georgia,45813,USD,Anual,,Active Jobs,API,https://job-boards.greenhouse.io/geotab/jobs/4556228008
Senior Software Developer,Quick Release,Software Developer,United Kingdom,"London, City of",44667,GBP,Mensual,FULL_TIME,Active Jobs,API,https://jobs.workable.com/view/t35TwSXVb2vP12fqRthTLo/hybrid-senior-software-developer-in-london-at-quick-release
Associate Software Developer,"Blitt and Gaines, P.C.",Software Developer,United States,Illinois,46578,USD,Anual,,Active Jobs,API,https://recruiting.paylocity.com/Recruiting/Jobs/Details/3406403
Lead Backend Developer (sports exchange),Krila Consultancy,Backend Developer,United Kingdom,,28399,GBP,Mensual,FULL_TIME,Active Jobs,API,https://krila.recruitee.com/o/lead-backend-developer
"Senior Java Backend Developer, AVP",Citi,Backend Developer,United States,Texas,24922,USD,Anual,FULL_TIME,Active Jobs,API,https://citi.eightfold.ai/careers/job/859023595495-senior-java-backend-developer-avp-irving-texas-united-states-of-america
"Senior Java Backend Developer, AVP",Citi,Backend Developer,United States,Texas,28465,USD,Anual,FULL_TIME,Active Jobs,API,https://citi.wd5.myworkdayjobs.com/2/job/Irving-Texas-United-States/Senior-Java-Backend-Developer--AVP_25884337
Lead Software Engineer - Java Backend Developer,Chase- Candidate Experience page,Backend Developer,United States,New Jersey,23567,USD,Anual,Full time,Active Jobs,API,https://jpmc.fa.oraclecloud.com/hcmUI/CandidateExperience/en/sites/CX_1002/job/210644988
Senior Backend Developer (Hybrid),REC,Backend Developer,United States,Colorado,44575,USD,Anual,FULL_TIME,Active Jobs,API,https://jobs.workable.com/view/5WWFi7bAuqMqMFtz67yB2W/hybrid-senior-backend-developer-(hybrid)-in-boulder-at-rec
Backend Developer,Gotham Enterprises Ltd,Backend Developer,United States,,33801,USD,Anual,FULL_TIME,Active Jobs,API,https://jobs.workable.com/view/7TKw25BGHiM6uSFkqFwDz5/remote-backend-developer-in-middle-city-east-at-gotham-enterprises-ltd
Backend Developer,Gotham Enterprises Ltd,Backend Developer,United States,,49974,USD,Anual,FULL_TIME,Active Jobs,API,https://jobs.workable.com/view/vjg26sVP3x4FFQdZRKMp6x/remote-backend-developer-in-san-francisco-at-gotham-enterprises-ltd
Backend Developer,Gotham Enterprises Ltd,Backend Developer,United States,,43353,USD,Anual,FULL_TIME,Active Jobs,API,https://jobs.workable.com/view/fmbo4GtwHWq2cS2dxdNNkh/remote-backend-developer-in-los-angeles-at-gotham-enterprises-ltd
Backend Developer,Gotham Enterprises Ltd,Backend Developer,United States,New York,48823,USD,Anual,FULL_TIME,Active Jobs,API,https://jobs.workable.com/view/hWLoG7iRC5yGz8norz9pnP/remote-backend-developer-in-new-york-at-gotham-enterprises-ltd
Java Backend Developer (Webservice & Spring Boot),Comcast,Backend Developer,United States,,30455,USD,Anual,FULL_TIME,Active Jobs,API,https://comcast.wd5.myworkdayjobs.com/Comcast_Careers/job/NJ---Mount-Laurel-1800-Bishops-Gate/Identity-Platform---Security-Software-Engineer_R409553
Senior Frontend Developer,Jigsaw,Frontend Developer,United Kingdom,,48076,GBP,Mensual,FULL_TIME,Active Jobs,API,https://jobs.ashbyhq.com/jigsaw/0fd39fd4-daaf-4dcf-9290-d049c8e19fdb
Senior Frontend Developer,Nevoya,Frontend Developer,United States,California,26082,USD,Anual,FULL_TIME,Active Jobs,API,https://jobs.ashbyhq.com/nevoya/b35a83ec-6f35-44e4-9f2e-de83222aa95d
Mid-level Shopify Frontend Developer ,Swanky,Frontend Developer,United Kingdom,Devon,30385,GBP,Mensual,OTHER,Active Jobs,API,https://swanky.bamboohr.com/careers/136
Senior Frontend Developer / React UI Engineer (Senior | Global Remote | SaaS),Passion.io,Frontend Developer,United Kingdom,"London, City of",38942,GBP,Mensual,FULL_TIME,Active Jobs,API,https://jobs.workable.com/view/oHWdJsBGLwNyriChHdJhcK/senior-frontend-developer-%2F-react-ui-engineer-(senior-%7C-global-remote-%7C-saas)-in-london-at-passion.io
Frontend Developer,Global,Frontend Developer,United Kingdom,,25106,GBP,Mensual,FULL_TIME,Active Jobs,API,https://thisisglobal.wd3.myworkdayjobs.com/Global/job/Holborn---London/Frontend-Developer_R0008611
Junior Full-Stack Developer – Node.js & React,abra,Full Stack Developer,United States,Minnesota,41475,USD,Anual,Full-time,Active Jobs,API,https://www.comeet.com/jobs/abra_rnd/15.007/junior-full-stack-developer--node_js--react/C3.958
Java Full Stack Developer - Jersey City or Dallas,NTT DATA North America,Full Stack Developer,United States,Texas,49212,USD,Anual,FULL_TIME,Active Jobs,API,https://careers.services.global.ntt/global/en/job/e81455714ef0600/Java-Full-Stack-Developer-Jersey-City-or-Dallas
Java Full Stack Developer with Tapestry and EDI Experience is required - (Independent Consultants),VTekis Consulting LLP,Full Stack Developer,United States,South Carolina,35374,USD,Anual,Contract,Active Jobs,API,https://jobs.smartrecruiters.com/VTekisConsultingLLP/744000070127275-java-full-stack-developer-with-tapestry-and-edi-experience-is-required-independent-consultants-
Full Stack Developer (.NET/Angular),BDO USA Experienced Career Site,Full Stack Developer,United States,Illinois,47943,USD,Anual,Full time,Active Jobs,API,https://ebqb.fa.us2.oraclecloud.com/hcmUI/CandidateExperience/en/sites/BDOExperiencedCareers/job/9242
Senior Full Stack Developer - Senior Lead Software Engineer,Chase- Candidate Experience page,Full Stack Developer,United States,New Jersey,21894,USD,Anual,Full time,Active Jobs,API,https://jpmc.fa.oraclecloud.com/hcmUI/CandidateExperience/en/sites/CX_1002/job/210644824
Full Stack Developer – Python/Elasticsearch (DC Metro Area-Remote),IIIIIIUS,Full Stack Developer,United States,Virginia,28944,USD,Anual,FULL_TIME,Active Jobs,API,https://careers.icf.com/us/en/job/R2501875/Full-Stack-Developer-Python-Elasticsearch-DC-Metro-Area-Remote
Full Stack Developer – Python/Elasticsearch (DC Metro Area-Remote),ICF,Full Stack Developer,United States,,36439,USD,Anual,FULL_TIME,Active Jobs,API,https://icf.wd5.myworkdayjobs.com/ICFExternal_Career_Site/job/Reston-VA-VA30/Full-Stack-Developer---Python-Elasticsearch--DC-Metro-Area-Remote-_R2501875
Full Stack Developer,Leidos,Full Stack Developer,United States,Virginia,25349,USD,Anual,FULL_TIME,Active Jobs,API,https://leidos.wd5.myworkdayjobs.com/External/job/Ashburn-VA/Full-Stack-Developer_R-00162526
Full Stack Developer,Stevens Institute of Technology,Full Stack Developer,United States,,49895,USD,Anual,FULL_TIME,Active Jobs,API,https://stevens.wd5.myworkdayjobs.com/External/job/Hoboken-NJ---Main-Campus/Full-Stack-Developer_RQ29187
Full Stack Developer,Lucid Motors,Full Stack Developer,United States,California,40157,USD,Anual,,Active Jobs,API,https://job-boards.greenhouse.io/lucidmotors/jobs/4718368007
Python Developer (08+ years),Arthur Grand Technologies Inc,Python Developer,United States,Ohio,35734,USD,Anual,Contract,Active Jobs,API,https://jobs.smartrecruiters.com/ArthurGrandTechnologiesInc/744000070162855-python-developer-08-years-
Python Developer,DTCC Candidate Experience Site,Python Developer,United States,Florida,47157,USD,Anual,Full time,Active Jobs,API,https://ebxr.fa.us2.oraclecloud.com/hcmUI/CandidateExperience/en/sites/CX_1/job/210779
Python Developer with AI/ML,OmegaHires,Python Developer,United States,Washington,20860,USD,Anual,CONTRACTOR,Active Jobs,API,https://omegahires.applytojob.com/apply/fpPzt92Ddq/Python-Developer-With-AIML
Python Developer,Axiom Software Solutions Limited,Python Developer,United States,Texas,22596,USD,Anual,,Active Jobs,API,https://jobs.workable.com/view/7kNi3c7S8g8YTsbbJKc2up/python-developer-in-austin-at-axiom-software-solutions-limited
Python Developer,Axiom Software Solutions Limited,Python Developer,United States,Texas,36626,USD,Anual,,Active Jobs,API,https://jobs.workable.com/view/e5WjTtXpW9PtG9PP69K2P8/python-developer-in-austin-at-axiom-software-solutions-limited
Java Developer - Bilingual (English / Korean),"Woongjin, Inc",Java Developer,United States,California,46380,USD,Anual,Contract,Active Jobs,API,https://jobs.smartrecruiters.com/WJCompany/744000070134505-java-developer-bilingual-english-korean-
Java Developer - Bilingual (English / Korean),"Woongjin, Inc",Java Developer,United States,California,28956,USD,Anual,Contract,Active Jobs,API,https://jobs.smartrecruiters.com/WJCompany/744000070077285-java-developer-bilingual-english-korean-
Sr. Java Developer,Derex Technologies Inc,Java Developer,United States,Pennsylvania,34024,USD,Anual,Full-time,Active Jobs,API,https://jobs.smartrecruiters.com/DerexTechnologiesInc/744000070048085-sr-java-developer
Senior java developer with Spark - VP - TAMPA,Citi,Java Developer,United States,Florida,30225,USD,Anual,FULL_TIME,Active Jobs,API,https://citi.wd5.myworkdayjobs.com/2/job/Tampa-Florida-United-States/Lead-Full-stack-Java-developer---VP---TAMPA_25845821
Java Developer,Fiserv,Java Developer,United States,New Jersey,32373,USD,Anual,FULL_TIME,Active Jobs,API,https://fiserv.wd5.myworkdayjobs.com/EXT/job/Berkeley-Heights-New-Jersey/Java-Developer_R-10360341
Java Developer - Bilingual (English / Korean),"Woongjin, Inc",Java Developer,United States,California,46685,USD,Anual,Contract,Active Jobs,API,https://jobs.smartrecruiters.com/WJCompany/744000069942036-java-developer-bilingual-english-korean-
Technical Lead Java Developer,DTCC Candidate Experience Site,Java Developer,United States,Florida,37062,USD,Anual,Full time,Active Jobs,API,https://ebxr.fa.us2.oraclecloud.com/hcmUI/CandidateExperience/en/sites/CX_1/job/210496
Java Developer - Bilingual (English / Korean),"Woongjin, Inc",Java Developer,United States,California,30462,USD,Anual,Contract,Active Jobs,API,https://jobs.smartrecruiters.com/WJCompany/744000069854995-java-developer-bilingual-english-korean-
Entry Level Java Developer - MUST Be US Citizen With Active Secret Clearance!,EDC Consulting,Java Developer,United States,Ohio,20345,USD,Anual,Full-time,Active Jobs,API,https://jobs.smartrecruiters.com/EDCConsulting1/744000069799547-entry-level-java-developer-must-be-us-citizen-with-active-secret-clearance-
Senior Java Developer,Earnix,Java Developer,United States,Massachusetts,42991,USD,Anual,,Active Jobs,API,https://www.comeet.com/jobs/earnix/93.00B/senior-java-developer/B2.954
"Senior React Developer, App Studio Solutions",Tapcart Inc.,React Developer,United States,California,47558,USD,Anual,FULL_TIME,Active Jobs,API,https://jobs.ashbyhq.com/tapcart/dba706f3-f124-4262-b5fa-fe2705d33563
React Developer,SS&C Technologies,React Developer,United Kingdom,Staffordshire,29153,GBP,Mensual,FULL_TIME,Active Jobs,API,https://wd1.myworkdaysite.com/recruiting/ssctech/SSCTechnologies/job/Lichfield-UK/React-Developer_R35534
